SaleID,Date,CustomerID,ProductID,Quantity,TotalAmount
1,2023-09-12,118,1,7,4738.02
2,2023-05-12,178,45,9,5574.42
3,2023-01-22,165,4,9,2620.62
4,2023-09-09,154,47,8,6400.56
5,2023-01-12,165,25,2,930.42
6,2023-09-27,97,10,3,1012.65
7,2023-02-27,67,23,9,3256.2
8,2023-09-11,185,7,3,1400.46
9,2023-09-19,200,24,10,9560.6
10,2023-07-28,52,26,6,3137.58
11,2023-01-21,118,31,6,1686.54
12,2023-06-28,195,21,8,2440.72
13,2023-12-03,16,19,8,1660.0
14,2023-04-11,113,15,9,5951.16
15,2023-10-24,40,48,8,2133.52
16,2023-08-14,185,20,4,1006.68
17,2023-03-07,107,27,4,1744.8
18,2023-02-06,57,38,10,8833.2
19,2023-02-19,126,32,7,3644.83
20,2023-02-21,94,24,8,7648.48
21,2023-01-24,194,26,8,4183.44
22,2023-10-31,56,27,5,2181.0
23,2023-11-08,22,42,3,815.55
24,2023-07-26,58,17,1,512.33
25,2023-11-30,86,48,1,266.69
26,2023-02-28,32,24,10,9560.6
27,2023-07-03,37,31,6,1686.54
28,2023-02-12,78,44,1,407.31
29,2023-08-17,165,5,8,5895.6
30,2023-02-15,61,35,8,1352.8
31,2023-03-06,96,13,10,1995.8
32,2023-10-19,28,28,6,5551.14
33,2023-03-16,191,1,8,5414.88
34,2023-05-24,90,3,4,1202.76
35,2023-05-18,131,6,6,3261.96
36,2023-08-26,9,1,9,6091.74
37,2023-04-25,34,25,4,1860.84
38,2023-03-21,92,7,1,466.82
39,2023-02-09,19,5,5,3684.75
40,2023-08-28,136,8,8,975.52
41,2023-07-10,164,43,6,4498.5
42,2023-11-19,46,37,3,1709.61
43,2023-04-25,66,24,2,1912.12
44,2023-05-04,150,46,3,1480.68
45,2023-10-12,2,30,4,2234.76
46,2023-12-02,160,50,6,4116.36
47,2023-02-19,80,35,10,1691.0
48,2023-02-16,59,33,3,801.81
49,2023-09-03,17,46,2,987.12
50,2023-12-30,34,9,2,188.98
51,2023-07-28,133,27,8,3489.6
52,2023-08-24,127,16,8,3459.68
53,2023-05-10,57,20,6,1510.02
54,2023-04-08,77,19,5,1037.5
55,2023-01-01,168,4,6,1747.08
56,2023-09-14,2,33,3,801.81
57,2023-07-29,89,23,9,3256.2
58,2023-02-25,151,36,3,1577.13
59,2023-08-30,69,28,6,5551.14
60,2023-08-08,12,20,1,251.67
61,2023-07-02,46,14,9,3492.0
62,2023-10-22,123,23,5,1809.0
63,2023-03-16,37,35,8,1352.8
64,2023-07-03,22,32,6,3124.14
65,2023-04-21,177,16,10,4324.6
66,2023-07-06,70,1,8,5414.88
67,2023-03-23,29,1,9,6091.74
68,2023-07-28,116,7,3,1400.46
69,2023-11-30,10,31,4,1124.36
70,2023-08-06,14,16,8,3459.68
71,2023-04-27,199,9,5,472.45
72,2023-05-27,6,18,7,6734.0
73,2023-03-14,184,6,7,3805.62
74,2023-03-15,53,7,8,3734.56
75,2023-11-21,81,7,4,1867.28
76,2023-08-21,144,48,5,1333.45
77,2023-06-19,199,8,1,121.94
78,2023-02-25,146,28,5,4625.95
79,2023-08-05,10,33,3,801.81
80,2023-05-09,93,44,6,2443.86
81,2023-10-06,200,27,5,2181.0
82,2023-03-12,69,7,1,466.82
83,2023-03-19,19,32,3,1562.07
84,2023-09-14,11,50,10,6860.6
85,2023-09-16,90,16,6,2594.76
86,2023-12-16,127,36,9,4731.39
87,2023-11-25,150,36,3,1577.13
88,2023-09-21,75,6,3,1630.98
89,2023-04-19,35,7,3,1400.46
90,2023-04-10,184,6,5,2718.3
91,2023-07-16,100,9,2,188.98
92,2023-05-19,159,31,3,843.27
93,2023-04-24,3,5,9,6632.55
94,2023-01-22,150,28,10,9251.9
95,2023-03-29,163,12,9,3234.24
96,2023-11-17,67,20,8,2013.36
97,2023-03-07,89,32,7,3644.83
98,2023-04-16,157,41,10,1477.3
99,2023-08-20,92,3,4,1202.76
100,2023-11-18,50,15,1,661.24
101,2023-01-20,51,33,3,801.81
102,2023-08-14,98,18,7,6734.0
103,2023-07-11,101,8,5,609.7
104,2023-08-08,35,20,1,251.67
105,2023-11-09,96,2,7,2399.18
106,2023-10-26,86,45,7,4335.66
107,2023-01-05,88,7,4,1867.28
108,2023-01-18,81,21,3,915.27
109,2023-08-31,60,25,6,2791.26
110,2023-05-05,66,16,6,2594.76
111,2023-10-02,11,25,7,3256.47
112,2023-11-27,86,45,9,5574.42
113,2023-05-13,148,8,2,243.88
114,2023-05-18,112,37,2,1139.74
115,2023-03-08,84,42,2,543.7
116,2023-05-30,56,24,1,956.06
117,2023-04-02,143,47,10,8000.7
118,2023-11-23,138,19,6,1245.0
119,2023-11-22,37,6,5,2718.3
120,2023-01-28,17,20,8,2013.36
121,2023-11-15,69,34,2,1493.16
122,2023-07-23,110,11,8,6028.16
123,2023-07-05,5,27,7,3053.4
124,2023-11-14,20,22,4,3343.72
125,2023-08-26,17,3,1,300.69
126,2023-07-14,139,47,1,800.07
127,2023-08-31,162,48,3,800.07
128,2023-03-19,150,10,6,2025.3
129,2023-02-08,83,11,3,2260.56
130,2023-10-17,170,49,2,590.56
131,2023-12-11,93,44,3,1221.93
132,2023-02-17,36,14,8,3104.0
133,2023-01-01,136,3,6,1804.14
134,2023-12-01,11,2,8,2741.92
135,2023-06-16,35,37,10,5698.7
136,2023-04-29,199,26,4,2091.72
137,2023-09-06,119,34,3,2239.74
138,2023-06-12,55,40,6,3143.22
139,2023-03-23,124,29,6,4012.14
140,2023-09-22,22,32,7,3644.83
141,2023-12-01,170,50,1,686.06
142,2023-04-27,152,1,3,2030.58
143,2023-04-13,190,3,6,1804.14
144,2023-03-12,21,2,8,2741.92
145,2023-01-10,23,15,3,1983.72
146,2023-12-16,83,40,7,3667.09
147,2023-12-22,25,4,7,2038.26
148,2023-08-07,46,37,1,569.87
149,2023-10-20,122,48,1,266.69
150,2023-03-01,105,6,6,3261.96
151,2023-11-22,179,30,6,3352.14
152,2023-02-26,94,21,9,2745.81
153,2023-03-11,71,32,6,3124.14
154,2023-10-25,176,47,3,2400.21
155,2023-03-18,191,14,8,3104.0
156,2023-07-07,143,35,3,507.3
157,2023-05-03,66,12,5,1796.8
158,2023-03-21,54,46,10,4935.6
159,2023-04-28,182,46,9,4442.04
160,2023-07-23,17,6,4,2174.64
161,2023-03-09,54,14,3,1164.0
162,2023-03-07,126,8,8,975.52
163,2023-09-22,56,29,7,4680.83
164,2023-05-09,196,39,2,382.34
165,2023-04-20,56,42,9,2446.65
166,2023-01-08,2,4,5,1455.9
167,2023-09-24,107,4,7,2038.26
168,2023-09-27,61,4,1,291.18
169,2023-10-22,114,17,6,3073.98
170,2023-11-21,9,10,9,3037.95
171,2023-03-28,19,44,8,3258.48
172,2023-12-27,2,47,7,5600.49
173,2023-08-02,143,33,6,1603.62
174,2023-06-30,165,36,10,5257.1
175,2023-03-05,81,28,8,7401.52
176,2023-12-28,105,37,7,3989.09
177,2023-08-12,29,25,8,3721.68
178,2023-02-08,54,7,2,933.64
179,2023-10-21,198,44,4,1629.24
180,2023-08-02,126,34,3,2239.74
181,2023-06-02,186,14,4,1552.0
182,2023-03-01,18,46,9,4442.04
183,2023-04-27,134,38,8,7066.56
184,2023-06-11,4,37,3,1709.61
185,2023-01-29,137,42,9,2446.65
186,2023-07-13,31,29,9,6018.21
187,2023-10-23,108,31,6,1686.54
188,2023-07-08,116,26,3,1568.79
189,2023-09-15,12,7,10,4668.2
190,2023-08-02,52,41,5,738.65
191,2023-12-01,81,29,1,668.69
192,2023-05-08,43,25,8,3721.68
193,2023-01-24,159,1,2,1353.72
194,2023-03-17,89,17,9,4610.97
195,2023-02-28,184,23,8,2894.4
196,2023-05-07,8,46,3,1480.68
197,2023-04-21,45,45,8,4955.04
198,2023-11-19,149,26,4,2091.72
199,2023-08-22,156,23,7,2532.6
200,2023-11-10,173,29,8,5349.52
201,2023-03-02,128,9,3,283.47
202,2023-07-10,104,18,4,3848.0
203,2023-09-02,24,34,2,1493.16
204,2023-01-01,101,11,6,4521.12
205,2023-12-14,11,16,7,3027.22
206,2023-11-16,124,31,2,562.18
207,2023-02-04,140,39,8,1529.36
208,2023-04-14,150,35,8,1352.8
209,2023-02-09,112,7,1,466.82
210,2023-06-20,200,26,4,2091.72
211,2023-03-03,161,50,3,2058.18
212,2023-02-02,134,11,7,5274.64
213,2023-04-12,30,20,3,755.01
214,2023-12-04,3,30,6,3352.14
215,2023-09-11,66,24,8,7648.48
216,2023-05-21,84,33,7,1870.89
217,2023-10-22,19,19,6,1245.0
218,2023-08-18,74,5,9,6632.55
219,2023-06-19,66,34,6,4479.48
220,2023-05-13,180,38,6,5299.92
221,2023-11-28,171,20,8,2013.36
222,2023-03-05,98,5,1,736.95
223,2023-12-13,82,18,4,3848.0
224,2023-06-15,70,7,4,1867.28
225,2023-11-18,63,20,8,2013.36
226,2023-04-18,50,32,10,5206.9
227,2023-05-17,152,34,8,5972.64
228,2023-11-23,24,10,9,3037.95
229,2023-10-04,197,14,1,388.0
230,2023-06-04,107,23,1,361.8
231,2023-07-29,136,49,7,2066.96
232,2023-10-31,27,27,7,3053.4
233,2023-12-09,21,45,1,619.38
234,2023-11-27,145,40,1,523.87
235,2023-10-23,17,5,9,6632.55
236,2023-08-18,125,14,9,3492.0
237,2023-02-23,192,40,1,523.87
238,2023-09-21,1,18,3,2886.0
239,2023-12-07,49,36,10,5257.1
240,2023-02-15,44,3,5,1503.45
241,2023-09-11,147,3,3,902.07
242,2023-02-11,129,48,9,2400.21
243,2023-06-24,106,17,10,5123.3
244,2023-09-16,103,22,5,4179.65
245,2023-12-21,162,37,1,569.87
246,2023-10-24,137,17,6,3073.98
247,2023-11-16,30,10,8,2700.4
248,2023-01-17,113,11,7,5274.64
249,2023-12-15,136,34,8,5972.64
250,2023-10-06,171,42,7,1902.95
251,2023-02-10,166,37,2,1139.74
252,2023-08-19,119,45,4,2477.52
253,2023-03-07,182,35,10,1691.0
254,2023-03-21,174,19,10,2075.0
255,2023-06-24,18,8,4,487.76
256,2023-11-18,154,34,9,6719.22
257,2023-04-24,73,8,10,1219.4
258,2023-07-15,199,35,4,676.4
259,2023-08-19,115,46,4,1974.24
260,2023-12-14,149,43,10,7497.5
261,2023-11-12,55,1,5,3384.3
262,2023-06-06,175,45,10,6193.8
263,2023-02-20,98,8,5,609.7
264,2023-06-02,133,10,7,2362.85
265,2023-05-05,194,23,5,1809.0
266,2023-08-10,143,10,8,2700.4
267,2023-11-21,36,6,10,5436.6
268,2023-07-03,109,43,9,6747.75
269,2023-02-19,98,10,9,3037.95
270,2023-04-10,71,21,4,1220.36
271,2023-12-09,129,40,9,4714.83
272,2023-09-03,128,18,8,7696.0
273,2023-02-06,35,20,7,1761.69
274,2023-12-04,153,14,4,1552.0
275,2023-08-22,109,43,5,3748.75
276,2023-04-16,108,39,7,1338.19
277,2023-10-27,77,12,2,718.72
278,2023-11-18,144,32,7,3644.83
279,2023-01-23,57,9,9,850.41
280,2023-01-23,44,20,8,2013.36
281,2023-11-01,115,10,2,675.1
282,2023-11-27,181,1,2,1353.72
283,2023-07-08,59,25,8,3721.68
284,2023-04-26,69,26,1,522.93
285,2023-07-19,127,33,8,2138.16
286,2023-08-01,79,38,1,883.32
287,2023-10-04,153,29,9,6018.21
288,2023-12-19,133,25,3,1395.63
289,2023-04-06,30,22,2,1671.86
290,2023-02-10,78,8,4,487.76
291,2023-05-25,183,3,8,2405.52
292,2023-08-03,196,4,6,1747.08
293,2023-08-14,78,41,5,738.65
294,2023-06-10,136,25,1,465.21
295,2023-09-01,40,44,3,1221.93
296,2023-09-30,150,17,2,1024.66
297,2023-09-27,83,10,10,3375.5
298,2023-10-06,114,25,6,2791.26
299,2023-09-30,78,13,4,798.32
300,2023-01-27,168,1,9,6091.74
301,2023-10-25,62,5,1,736.95
302,2023-01-26,53,9,6,566.94
303,2023-01-02,76,36,6,3154.26
304,2023-12-04,65,26,3,1568.79
305,2023-06-06,132,47,9,7200.63
306,2023-10-30,50,33,3,801.81
307,2023-02-05,109,15,7,4628.68
308,2023-06-23,157,35,1,169.1
309,2023-03-06,160,37,3,1709.61
310,2023-11-08,122,36,6,3154.26
311,2023-09-06,161,17,2,1024.66
312,2023-01-15,59,35,7,1183.7
313,2023-08-19,167,1,9,6091.74
314,2023-12-09,193,40,2,1047.74
315,2023-09-26,134,29,6,4012.14
316,2023-02-17,155,14,9,3492.0
317,2023-09-24,195,13,6,1197.48
318,2023-08-15,81,18,8,7696.0
319,2023-10-24,108,5,2,1473.9
320,2023-10-18,46,28,7,6476.33
321,2023-12-31,80,20,9,2265.03
322,2023-08-13,119,5,1,736.95
323,2023-11-28,145,31,4,1124.36
324,2023-11-26,84,12,8,2874.88
325,2023-04-06,59,13,4,798.32
326,2023-06-26,145,33,2,534.54
327,2023-06-25,139,37,6,3419.22
328,2023-09-07,184,40,3,1571.61
329,2023-07-09,71,12,2,718.72
330,2023-10-14,85,34,7,5226.06
331,2023-06-28,69,7,8,3734.56
332,2023-06-06,142,25,7,3256.47
333,2023-01-16,65,19,2,415.0
334,2023-09-19,47,6,7,3805.62
335,2023-09-10,70,48,4,1066.76
336,2024-01-01,30,32,6,3124.14
337,2023-01-30,79,3,10,3006.9
338,2023-07-09,95,32,6,3124.14
339,2023-11-28,8,36,9,4731.39
340,2023-07-02,113,11,6,4521.12
341,2023-02-20,51,27,4,1744.8
342,2023-08-28,149,49,1,295.28
343,2023-10-06,102,10,10,3375.5
344,2023-05-27,66,40,6,3143.22
345,2023-09-19,127,47,10,8000.7
346,2023-08-04,14,48,9,2400.21
347,2023-10-02,24,11,4,3014.08
348,2023-06-05,42,7,6,2800.92
349,2023-09-01,22,6,2,1087.32
350,2023-05-19,158,7,7,3267.74
351,2023-11-28,168,10,1,337.55
352,2023-09-03,41,15,7,4628.68
353,2023-09-26,67,15,9,5951.16
354,2023-12-04,32,5,6,4421.7
355,2023-03-24,173,43,10,7497.5
356,2023-10-25,7,27,6,2617.2
357,2023-01-11,104,17,2,1024.66
358,2023-07-18,129,17,8,4098.64
359,2023-10-18,129,15,3,1983.72
360,2023-06-24,36,25,10,4652.1
361,2023-01-06,200,19,3,622.5
362,2023-07-24,26,36,6,3154.26
363,2023-10-14,107,25,2,930.42
364,2023-11-27,15,28,4,3700.76
365,2023-07-15,190,36,5,2628.55
366,2023-01-16,181,41,4,590.92
367,2023-10-02,18,15,7,4628.68
368,2023-10-19,137,33,9,2405.43
369,2023-05-23,36,43,4,2999.0
370,2023-06-10,191,41,7,1034.11
371,2023-06-14,121,16,10,4324.6
372,2023-01-20,110,14,6,2328.0
373,2023-12-05,116,31,1,281.09
374,2023-02-22,102,31,10,2810.9
375,2023-12-29,120,13,7,1397.06
376,2023-12-01,144,5,1,736.95
377,2023-04-25,7,6,1,543.66
378,2023-10-24,15,12,6,2156.16
379,2023-08-16,31,37,4,2279.48
380,2023-11-30,197,46,5,2467.8
381,2023-09-23,10,5,5,3684.75
382,2023-12-09,87,41,9,1329.57
383,2023-03-26,73,31,2,562.18
384,2023-12-25,198,27,5,2181.0
385,2023-01-18,69,6,9,4892.94
386,2023-05-08,134,37,10,5698.7
387,2023-01-01,45,35,6,1014.6
388,2023-04-03,128,22,6,5015.58
389,2023-08-22,127,3,6,1804.14
390,2023-06-28,176,12,6,2156.16
391,2023-10-17,185,2,1,342.74
392,2023-04-16,92,6,6,3261.96
393,2023-03-08,127,16,10,4324.6
394,2023-11-14,38,36,5,2628.55
395,2023-03-15,81,32,5,2603.45
396,2023-07-14,138,38,7,6183.24
397,2023-12-13,9,26,1,522.93
398,2023-06-22,179,33,6,1603.62
399,2023-08-28,72,25,10,4652.1
400,2023-11-30,42,19,10,2075.0
401,2023-09-19,83,18,5,4810.0
402,2023-06-30,104,36,7,3679.97
403,2023-07-30,189,9,9,850.41
404,2023-08-11,8,23,5,1809.0
405,2023-06-18,142,19,10,2075.0
406,2023-01-05,137,47,4,3200.28
407,2023-06-29,68,36,9,4731.39
408,2023-10-15,160,4,5,1455.9
409,2023-07-21,29,15,9,5951.16
410,2023-11-02,36,24,7,6692.42
411,2023-11-09,127,21,5,1525.45
412,2023-05-28,142,6,6,3261.96
413,2023-12-24,80,27,1,436.2
414,2023-06-09,20,18,10,9620.0
415,2023-02-19,193,14,2,776.0
416,2023-08-30,55,7,3,1400.46
417,2023-06-28,84,24,1,956.06
418,2023-09-07,152,35,6,1014.6
419,2023-11-04,24,1,9,6091.74
420,2023-06-17,181,39,1,191.17
421,2023-06-13,101,47,3,2400.21
422,2023-04-04,7,19,4,830.0
423,2023-04-18,124,50,7,4802.42
424,2023-10-14,174,45,9,5574.42
425,2023-03-05,105,22,9,7523.37
426,2023-12-22,66,7,3,1400.46
427,2023-12-05,30,34,9,6719.22
428,2023-03-25,141,5,8,5895.6
429,2023-02-04,125,15,10,6612.4
430,2023-08-11,115,13,7,1397.06
431,2023-07-20,164,31,7,1967.63
432,2023-10-07,64,32,6,3124.14
433,2023-03-28,2,27,3,1308.6
434,2023-06-12,74,30,9,5028.21
435,2023-12-23,41,31,9,2529.81
436,2023-02-16,44,35,10,1691.0
437,2023-12-02,5,17,2,1024.66
438,2023-01-21,108,47,2,1600.14
439,2023-10-23,117,30,9,5028.21
440,2023-09-17,188,45,1,619.38
441,2023-07-31,33,3,5,1503.45
442,2023-01-27,64,47,2,1600.14
443,2023-05-22,123,3,9,2706.21
444,2023-05-03,118,45,3,1858.14
445,2023-02-20,43,33,1,267.27
446,2023-09-02,114,11,5,3767.6
447,2023-10-11,129,18,3,2886.0
448,2023-01-15,51,34,2,1493.16
449,2023-02-01,46,21,6,1830.54
450,2023-03-03,129,1,5,3384.3
451,2023-03-13,16,13,6,1197.48
452,2023-10-11,121,50,5,3430.3
453,2023-11-20,62,47,9,7200.63
454,2023-02-26,155,8,2,243.88
455,2023-04-20,83,25,4,1860.84
456,2023-06-19,112,37,2,1139.74
457,2023-04-28,174,41,6,886.38
458,2023-08-15,146,8,7,853.58
459,2023-10-24,16,42,9,2446.65
460,2023-11-15,1,10,6,2025.3
461,2023-08-04,191,13,7,1397.06
462,2023-12-21,18,49,3,885.84
463,2023-10-14,67,10,2,675.1
464,2023-05-20,164,27,4,1744.8
465,2023-05-05,15,30,5,2793.45
466,2023-07-05,140,18,9,8658.0
467,2023-10-19,177,9,7,661.43
468,2023-05-11,133,48,5,1333.45
469,2023-06-14,91,8,4,487.76
470,2023-09-10,37,22,9,7523.37
471,2023-06-16,103,22,10,8359.3
472,2023-02-26,51,5,3,2210.85
473,2023-10-16,28,48,4,1066.76
474,2023-10-21,136,23,3,1085.4
475,2023-09-16,75,28,3,2775.57
476,2023-01-24,125,46,9,4442.04
477,2023-08-19,95,49,4,1181.12
478,2023-07-15,66,41,6,886.38
479,2023-12-10,115,15,9,5951.16
480,2023-06-17,179,22,10,8359.3
481,2023-07-02,143,15,2,1322.48
482,2023-11-24,185,5,3,2210.85
483,2023-12-08,151,4,8,2329.44
484,2023-11-17,75,49,9,2657.52
485,2023-10-05,16,46,2,987.12
486,2023-10-27,50,5,4,2947.8
487,2023-01-13,3,15,3,1983.72
488,2023-05-30,173,14,4,1552.0
489,2023-06-01,187,16,1,432.46
490,2023-05-28,70,4,10,2911.8
491,2023-05-13,56,32,10,5206.9
492,2023-12-28,118,3,2,601.38
493,2023-09-01,20,16,2,864.92
494,2023-01-28,45,14,4,1552.0
495,2023-05-01,140,19,10,2075.0
496,2023-04-22,126,30,8,4469.52
497,2023-02-24,143,13,4,798.32
498,2023-08-22,3,49,10,2952.8
499,2023-02-28,123,50,9,6174.54
500,2023-09-10,160,41,6,886.38
501,2023-09-16,183,34,3,2239.74
502,2023-01-07,135,29,9,6018.21
503,2023-09-21,135,14,5,1940.0
504,2023-03-12,90,39,7,1338.19
505,2023-07-24,27,45,9,5574.42
506,2023-06-01,155,8,7,853.58
507,2023-01-16,159,38,1,883.32
508,2023-10-04,12,38,4,3533.28
509,2023-02-19,111,8,7,853.58
510,2023-10-11,3,22,6,5015.58
511,2023-04-09,123,41,5,738.65
512,2023-12-22,110,40,6,3143.22
513,2023-08-18,70,9,6,566.94
514,2023-06-25,171,34,7,5226.06
515,2023-11-03,196,15,9,5951.16
516,2023-09-26,112,50,2,1372.12
517,2023-02-27,188,30,10,5586.9
518,2023-08-09,167,26,1,522.93
519,2023-06-22,32,48,10,2666.9
520,2023-11-23,154,9,9,850.41
521,2023-11-08,93,12,2,718.72
522,2023-10-05,187,29,9,6018.21
523,2023-10-15,36,47,3,2400.21
524,2023-03-29,92,48,2,533.38
525,2023-07-25,76,12,9,3234.24
526,2023-06-24,11,16,9,3892.14
527,2023-03-14,70,27,4,1744.8
528,2023-10-06,58,23,1,361.8
529,2023-04-04,5,24,1,956.06
530,2023-08-06,107,32,10,5206.9
531,2023-12-20,2,21,3,915.27
532,2023-07-16,9,1,10,6768.6
533,2023-05-27,76,46,7,3454.92
534,2023-10-26,67,47,2,1600.14
535,2023-06-16,60,35,1,169.1
536,2023-04-13,151,36,6,3154.26
537,2023-04-20,117,40,4,2095.48
538,2023-08-26,21,43,3,2249.25
539,2023-10-18,62,28,2,1850.38
540,2023-08-26,168,1,3,2030.58
541,2023-01-21,112,11,4,3014.08
542,2023-04-03,26,4,1,291.18
543,2023-11-15,172,14,4,1552.0
544,2023-08-09,173,37,7,3989.09
545,2023-05-16,99,46,6,2961.36
546,2023-04-29,101,17,9,4610.97
547,2023-02-07,70,37,3,1709.61
548,2023-03-02,163,36,2,1051.42
549,2023-01-31,117,36,10,5257.1
550,2023-11-23,137,22,4,3343.72
551,2023-11-27,145,24,1,956.06
552,2023-02-11,182,47,2,1600.14
553,2023-01-08,59,18,8,7696.0
554,2023-01-22,167,43,3,2249.25
555,2023-09-16,4,29,5,3343.45
556,2023-01-26,77,8,5,609.7
557,2023-05-11,12,20,1,251.67
558,2023-04-19,88,12,6,2156.16
559,2023-02-11,30,5,4,2947.8
560,2023-07-06,42,10,1,337.55
561,2023-07-12,60,35,10,1691.0
562,2023-12-29,21,39,4,764.68
563,2023-01-09,150,7,7,3267.74
564,2023-01-21,191,23,9,3256.2
565,2023-06-25,14,5,4,2947.8
566,2023-12-09,164,28,9,8326.71
567,2023-01-13,174,8,10,1219.4
568,2023-10-19,144,35,10,1691.0
569,2023-03-11,182,31,6,1686.54
570,2023-01-16,22,49,5,1476.4
571,2023-09-14,48,39,1,191.17
572,2023-05-06,42,31,9,2529.81
573,2023-02-15,31,25,4,1860.84
574,2023-11-03,170,29,6,4012.14
575,2023-04-01,163,2,5,1713.7
576,2023-04-09,180,24,2,1912.12
577,2023-12-11,109,22,7,5851.51
578,2023-12-15,144,31,5,1405.45
579,2023-07-30,130,18,3,2886.0
580,2023-05-16,109,35,6,1014.6
581,2023-11-23,200,41,4,590.92
582,2023-12-05,37,39,9,1720.53
583,2023-12-15,24,15,3,1983.72
584,2023-07-13,181,9,9,850.41
585,2023-12-30,112,15,10,6612.4
586,2023-09-19,188,10,3,1012.65
587,2023-12-18,130,40,8,4190.96
588,2023-10-05,176,41,8,1181.84
589,2023-07-14,164,35,5,845.5
590,2023-02-15,36,5,2,1473.9
591,2023-08-10,36,37,6,3419.22
592,2023-05-10,130,44,6,2443.86
593,2023-05-25,117,35,4,676.4
594,2023-10-10,63,27,3,1308.6
595,2023-02-13,78,26,5,2614.65
596,2023-03-11,12,16,9,3892.14
597,2023-09-22,87,11,6,4521.12
598,2023-12-26,21,16,1,432.46
599,2023-05-23,184,15,4,2644.96
600,2023-03-17,49,14,3,1164.0
601,2023-03-02,114,33,8,2138.16
602,2023-07-01,129,19,1,207.5
603,2023-01-31,94,43,3,2249.25
604,2023-01-11,161,27,5,2181.0
605,2023-10-17,58,34,9,6719.22
606,2023-07-26,12,8,5,609.7
607,2023-09-26,85,18,2,1924.0
608,2023-09-20,13,23,7,2532.6
609,2023-10-23,108,19,9,1867.5
610,2023-05-09,121,18,5,4810.0
611,2023-06-11,68,36,6,3154.26
612,2023-05-03,14,31,2,562.18
613,2023-11-23,125,33,6,1603.62
614,2023-01-14,175,42,9,2446.65
615,2023-09-29,198,29,9,6018.21
616,2023-11-09,92,10,3,1012.65
617,2023-05-11,111,27,5,2181.0
618,2023-12-24,122,37,8,4558.96
619,2023-05-27,186,49,10,2952.8
620,2023-07-16,81,38,5,4416.6
621,2023-02-17,197,17,4,2049.32
622,2023-08-12,52,24,2,1912.12
623,2023-06-13,53,41,3,443.19
624,2023-03-07,174,14,9,3492.0
625,2023-11-08,98,38,10,8833.2
626,2023-04-02,107,5,4,2947.8
627,2023-11-27,76,1,7,4738.02
628,2023-06-10,29,15,9,5951.16
629,2023-07-29,198,48,2,533.38
630,2023-06-25,45,19,4,830.0
631,2023-12-15,155,6,5,2718.3
632,2023-07-09,6,24,9,8604.54
633,2023-08-27,191,15,8,5289.92
634,2023-07-30,36,26,4,2091.72
635,2023-12-14,46,25,1,465.21
636,2023-03-14,199,41,9,1329.57
637,2023-07-15,79,49,5,1476.4
638,2023-01-25,191,10,7,2362.85
639,2023-06-27,62,15,3,1983.72
640,2023-08-28,132,29,9,6018.21
641,2023-12-28,170,1,2,1353.72
642,2023-03-01,196,21,6,1830.54
643,2023-02-11,126,42,5,1359.25
644,2023-09-16,83,13,5,997.9
645,2023-05-04,67,38,2,1766.64
646,2023-03-04,166,12,8,2874.88
647,2023-12-18,169,22,8,6687.44
648,2023-05-15,71,9,8,755.92
649,2023-07-11,134,21,8,2440.72
650,2023-06-21,14,31,5,1405.45
651,2023-02-22,186,41,3,443.19
652,2023-05-16,24,19,5,1037.5
653,2023-10-21,34,33,1,267.27
654,2023-07-28,137,27,8,3489.6
655,2023-05-08,100,20,5,1258.35
656,2023-05-01,31,3,4,1202.76
657,2023-09-06,198,49,9,2657.52
658,2023-03-21,28,9,6,566.94
659,2023-06-19,9,5,6,4421.7
660,2023-02-28,94,20,1,251.67
661,2023-08-01,78,3,2,601.38
662,2023-09-15,72,4,1,291.18
663,2023-03-21,62,50,5,3430.3
664,2023-10-17,159,49,10,2952.8
665,2023-02-15,172,21,1,305.09
666,2023-10-15,149,42,1,271.85
667,2023-08-18,69,47,7,5600.49
668,2023-06-11,85,45,6,3716.28
669,2023-01-27,126,1,6,4061.16
670,2023-04-11,97,44,10,4073.1
671,2023-03-19,47,4,6,1747.08
672,2023-05-16,94,33,10,2672.7
673,2023-07-14,198,2,7,2399.18
674,2023-07-18,21,2,8,2741.92
675,2023-05-16,31,18,1,962.0
676,2023-02-25,139,41,2,295.46
677,2023-07-18,117,23,7,2532.6
678,2023-05-02,120,46,3,1480.68
679,2023-04-25,141,7,1,466.82
680,2023-10-03,121,31,7,1967.63
681,2023-01-20,7,35,1,169.1
682,2023-11-18,165,2,1,342.74
683,2023-09-29,72,22,6,5015.58
684,2023-04-24,182,11,9,6781.68
685,2023-07-23,65,43,8,5998.0
686,2023-07-18,96,26,3,1568.79
687,2023-04-19,10,3,8,2405.52
688,2023-07-17,4,15,1,661.24
689,2023-04-19,71,33,10,2672.7
690,2023-02-17,30,35,3,507.3
691,2024-01-01,17,11,7,5274.64
692,2023-01-24,178,25,3,1395.63
693,2023-06-24,78,48,10,2666.9
694,2023-06-22,10,21,1,305.09
695,2023-05-12,130,48,6,1600.14
696,2023-02-04,51,24,6,5736.36
697,2023-07-05,43,24,2,1912.12
698,2023-03-15,107,4,5,1455.9
699,2023-03-21,67,20,2,503.34
700,2023-10-14,136,8,3,365.82
701,2023-09-03,140,30,7,3910.83
702,2023-12-26,81,26,2,1045.86
703,2023-05-12,171,1,10,6768.6
704,2023-12-02,158,3,2,601.38
705,2023-09-13,140,48,6,1600.14
706,2023-12-24,67,4,5,1455.9
707,2023-12-12,130,18,4,3848.0
708,2023-02-11,111,15,5,3306.2
709,2023-08-02,9,42,8,2174.8
710,2023-09-04,44,4,7,2038.26
711,2023-08-16,185,33,10,2672.7
712,2023-02-16,128,18,10,9620.0
713,2023-10-14,173,41,7,1034.11
714,2023-08-22,174,37,9,5128.83
715,2023-12-05,154,26,1,522.93
716,2023-05-23,9,20,2,503.34
717,2023-01-25,5,17,2,1024.66
718,2023-08-10,157,14,7,2716.0
719,2023-03-20,159,42,7,1902.95
720,2023-12-29,183,21,6,1830.54
721,2023-05-20,68,23,4,1447.2
722,2023-06-08,104,49,9,2657.52
723,2023-11-22,180,36,3,1577.13
724,2023-03-04,9,42,6,1631.1
725,2023-02-16,96,21,4,1220.36
726,2023-10-25,166,45,10,6193.8
727,2023-11-09,92,36,10,5257.1
728,2023-12-10,186,48,9,2400.21
729,2023-12-20,16,18,7,6734.0
730,2023-05-04,48,40,8,4190.96
731,2023-06-16,19,19,4,830.0
732,2023-01-30,157,25,5,2326.05
733,2023-06-25,199,2,9,3084.66
734,2023-10-05,135,15,5,3306.2
735,2023-04-29,43,50,5,3430.3
736,2023-07-11,182,31,2,562.18
737,2023-07-12,137,3,1,300.69
738,2023-12-01,163,10,5,1687.75
739,2023-01-23,141,32,10,5206.9
740,2023-11-23,181,22,2,1671.86
741,2023-05-13,56,46,10,4935.6
742,2023-03-09,25,19,3,622.5
743,2023-04-07,85,14,4,1552.0
744,2023-05-22,128,27,7,3053.4
745,2023-04-26,52,22,10,8359.3
746,2023-02-28,165,28,8,7401.52
747,2023-08-19,18,48,7,1866.83
748,2023-01-21,173,6,1,543.66
749,2023-05-06,34,35,4,676.4
750,2023-12-14,165,2,1,342.74
751,2023-09-25,14,34,6,4479.48
752,2023-04-25,30,5,2,1473.9
753,2023-03-11,164,5,9,6632.55
754,2023-07-23,23,13,5,997.9
755,2023-08-24,189,12,5,1796.8
756,2023-06-10,116,17,5,2561.65
757,2023-09-16,151,16,6,2594.76
758,2023-11-05,22,27,10,4362.0
759,2023-12-20,57,33,2,534.54
760,2023-08-18,74,15,7,4628.68
761,2023-05-10,132,2,1,342.74
762,2023-01-14,14,50,5,3430.3
763,2023-09-06,185,4,10,2911.8
764,2023-08-23,152,21,5,1525.45
765,2023-12-29,13,9,2,188.98
766,2023-04-24,76,37,7,3989.09
767,2023-11-05,16,40,1,523.87
768,2023-02-20,138,46,1,493.56
769,2023-05-14,152,41,2,295.46
770,2023-12-13,33,31,9,2529.81
771,2023-08-18,90,35,7,1183.7
772,2023-10-26,64,20,7,1761.69
773,2023-02-10,100,37,1,569.87
774,2023-10-13,129,32,3,1562.07
775,2023-03-15,100,10,4,1350.2
776,2023-04-17,43,10,4,1350.2
777,2023-08-30,159,36,4,2102.84
778,2023-08-04,104,33,6,1603.62
779,2023-02-07,89,27,5,2181.0
780,2023-11-29,197,6,5,2718.3
781,2023-04-17,69,13,6,1197.48
782,2023-01-24,156,43,10,7497.5
783,2023-09-01,111,30,6,3352.14
784,2023-01-26,125,45,2,1238.76
785,2023-04-06,81,25,4,1860.84
786,2023-10-09,121,31,9,2529.81
787,2023-08-31,195,15,1,661.24
788,2023-04-10,15,29,3,2006.07
789,2023-02-07,58,31,8,2248.72
790,2023-12-24,112,21,8,2440.72
791,2023-05-24,104,4,9,2620.62
792,2023-03-25,174,5,5,3684.75
793,2023-10-10,182,45,5,3096.9
794,2023-07-17,30,32,5,2603.45
795,2023-12-28,118,30,6,3352.14
796,2023-09-12,165,19,8,1660.0
797,2023-07-15,162,49,10,2952.8
798,2023-01-02,200,33,7,1870.89
799,2023-06-07,195,36,3,1577.13
800,2023-08-03,177,22,4,3343.72
801,2023-01-15,182,40,8,4190.96
802,2023-02-13,189,21,1,305.09
803,2023-12-15,144,45,6,3716.28
804,2023-11-21,78,41,4,590.92
805,2023-08-25,110,38,1,883.32
806,2023-03-21,159,41,5,738.65
807,2023-01-31,88,14,6,2328.0
808,2023-05-12,136,23,1,361.8
809,2023-11-29,142,1,5,3384.3
810,2023-10-26,160,22,8,6687.44
811,2023-10-29,195,23,5,1809.0
812,2023-05-19,158,38,7,6183.24
813,2023-08-09,11,14,7,2716.0
814,2023-12-07,110,38,1,883.32
815,2023-07-02,135,38,9,7949.88
816,2023-10-16,146,33,1,267.27
817,2023-09-29,155,6,7,3805.62
818,2023-01-05,68,11,2,1507.04
819,2023-02-15,73,40,2,1047.74
820,2023-07-01,109,14,8,3104.0
821,2023-09-14,100,37,6,3419.22
822,2023-06-22,158,30,9,5028.21
823,2023-07-03,51,23,7,2532.6
824,2023-06-10,58,4,10,2911.8
825,2023-03-03,128,40,5,2619.35
826,2023-03-15,107,24,5,4780.3
827,2023-07-19,173,34,4,2986.32
828,2023-02-07,78,44,4,1629.24
829,2023-03-24,24,26,2,1045.86
830,2023-09-20,83,50,3,2058.18
831,2023-09-17,44,18,2,1924.0
832,2023-07-05,15,47,8,6400.56
833,2023-08-24,190,34,4,2986.32
834,2023-11-25,88,42,6,1631.1
835,2023-03-18,148,26,3,1568.79
836,2023-08-24,144,37,8,4558.96
837,2023-04-06,54,28,10,9251.9
838,2023-06-04,143,39,9,1720.53
839,2023-02-26,152,3,8,2405.52
840,2023-06-02,164,26,2,1045.86
841,2023-03-31,63,14,2,776.0
842,2023-11-30,1,17,4,2049.32
843,2023-08-21,11,39,8,1529.36
844,2023-10-23,200,27,2,872.4
845,2023-01-14,141,41,1,147.73
846,2023-05-09,170,30,5,2793.45
847,2023-05-25,132,41,5,738.65
848,2023-03-06,55,42,2,543.7
849,2023-02-06,31,36,2,1051.42
850,2023-07-04,7,36,10,5257.1
851,2023-02-14,51,25,6,2791.26
852,2023-12-13,100,14,5,1940.0
853,2023-08-25,191,12,9,3234.24
854,2023-01-21,127,50,1,686.06
855,2023-10-11,31,2,10,3427.4
856,2023-04-22,61,12,3,1078.08
857,2023-05-22,136,46,3,1480.68
858,2023-11-06,12,44,4,1629.24
859,2023-09-30,72,29,1,668.69
860,2023-06-01,44,7,10,4668.2
861,2023-05-03,120,40,8,4190.96
862,2023-03-03,8,23,9,3256.2
863,2023-06-09,32,22,1,835.93
864,2023-02-25,87,47,7,5600.49
865,2023-03-27,189,30,1,558.69
866,2023-05-17,5,3,6,1804.14
867,2023-01-30,180,17,5,2561.65
868,2023-05-16,157,23,6,2170.8
869,2023-04-22,144,13,2,399.16
870,2023-12-30,161,48,10,2666.9
871,2023-05-30,139,6,9,4892.94
872,2023-02-08,152,35,8,1352.8
873,2023-08-04,70,1,8,5414.88
874,2023-12-02,107,36,7,3679.97
875,2023-06-02,58,9,1,94.49
876,2023-02-24,168,4,1,291.18
877,2023-10-25,163,34,2,1493.16
878,2023-02-15,139,16,5,2162.3
879,2023-08-06,16,50,9,6174.54
880,2023-08-22,185,21,9,2745.81
881,2023-04-25,15,45,10,6193.8
882,2023-08-03,54,28,4,3700.76
883,2023-12-11,72,20,4,1006.68
884,2023-08-01,189,22,5,4179.65
885,2023-09-05,6,20,6,1510.02
886,2023-09-14,187,14,7,2716.0
887,2023-10-23,40,40,7,3667.09
888,2023-11-29,128,44,9,3665.79
889,2023-08-27,53,27,10,4362.0
890,2023-10-28,8,4,1,291.18
891,2023-10-17,118,34,2,1493.16
892,2023-11-27,145,40,1,523.87
893,2023-01-07,176,3,7,2104.83
894,2023-08-07,165,28,6,5551.14
895,2023-01-17,13,15,5,3306.2
896,2023-08-19,149,32,2,1041.38
897,2023-04-02,129,33,5,1336.35
898,2023-01-15,46,47,1,800.07
899,2023-01-11,99,48,2,533.38
900,2023-11-15,107,36,2,1051.42
901,2023-11-11,161,49,6,1771.68
902,2023-07-12,168,31,8,2248.72
903,2023-03-03,197,47,7,5600.49
904,2023-09-04,88,31,3,843.27
905,2023-05-01,133,38,9,7949.88
906,2023-06-30,141,43,9,6747.75
907,2023-10-29,29,10,4,1350.2
908,2023-01-28,153,49,2,590.56
909,2023-08-16,170,25,9,4186.89
910,2023-01-10,178,34,2,1493.16
911,2023-10-01,55,38,8,7066.56
912,2023-12-16,122,7,6,2800.92
913,2023-05-18,50,9,1,94.49
914,2023-03-10,12,23,3,1085.4
915,2023-04-15,103,38,3,2649.96
916,2023-04-25,30,45,5,3096.9
917,2023-01-25,64,39,5,955.85
918,2023-11-19,176,15,2,1322.48
919,2023-10-20,27,17,3,1536.99
920,2023-05-20,40,14,9,3492.0
921,2023-07-19,146,20,8,2013.36
922,2023-10-08,31,4,10,2911.8
923,2023-01-14,43,20,1,251.67
924,2023-01-14,191,23,8,2894.4
925,2023-05-17,128,6,3,1630.98
926,2023-06-29,7,28,9,8326.71
927,2023-05-16,186,29,4,2674.76
928,2023-04-28,18,11,2,1507.04
929,2023-12-02,184,50,4,2744.24
930,2023-07-07,62,9,2,188.98
931,2023-06-25,106,27,9,3925.8
932,2023-01-27,90,8,2,243.88
933,2023-09-24,76,32,9,4686.21
934,2023-02-23,138,40,1,523.87
935,2023-12-23,196,17,4,2049.32
936,2023-06-06,120,34,6,4479.48
937,2023-12-26,54,30,6,3352.14
938,2023-05-25,4,3,3,902.07
939,2023-12-24,148,22,4,3343.72
940,2023-04-18,134,5,1,736.95
941,2023-09-24,53,26,1,522.93
942,2023-07-22,133,35,8,1352.8
943,2023-06-24,116,39,1,191.17
944,2023-12-20,140,13,10,1995.8
945,2023-04-19,49,25,2,930.42
946,2023-04-30,160,12,10,3593.6
947,2023-04-01,73,21,8,2440.72
948,2023-09-02,149,37,4,2279.48
949,2023-03-01,143,49,5,1476.4
950,2023-11-06,200,22,1,835.93
951,2023-11-01,190,15,10,6612.4
952,2023-12-28,52,1,7,4738.02
953,2023-12-11,66,13,5,997.9
954,2023-02-01,98,49,6,1771.68
955,2023-01-09,80,22,5,4179.65
956,2023-03-03,173,8,5,609.7
957,2023-06-15,189,43,6,4498.5
958,2023-12-13,114,19,8,1660.0
959,2023-10-21,82,17,4,2049.32
960,2023-03-06,164,14,5,1940.0
961,2023-09-02,47,19,3,622.5
962,2023-10-15,111,18,7,6734.0
963,2023-08-29,186,11,10,7535.2
964,2023-09-29,49,22,8,6687.44
965,2023-09-18,194,45,6,3716.28
966,2023-08-21,171,42,4,1087.4
967,2023-09-07,32,39,5,955.85
968,2023-11-25,83,26,9,4706.37
969,2023-03-12,91,14,8,3104.0
970,2023-08-10,176,25,4,1860.84
971,2023-12-15,140,36,9,4731.39
972,2023-07-01,50,35,8,1352.8
973,2023-04-09,184,29,9,6018.21
974,2023-01-19,93,32,3,1562.07
975,2023-04-21,160,17,9,4610.97
976,2023-03-31,58,2,8,2741.92
977,2023-04-20,71,26,9,4706.37
978,2023-05-06,130,26,8,4183.44
979,2023-11-05,199,9,10,944.9
980,2023-12-02,35,34,2,1493.16
981,2023-06-14,27,45,6,3716.28
982,2023-04-10,83,10,7,2362.85
983,2023-05-28,42,23,2,723.6
984,2023-05-05,156,7,7,3267.74
985,2023-04-23,157,25,8,3721.68
986,2023-08-26,18,18,2,1924.0
987,2023-08-27,58,36,7,3679.97
988,2023-04-12,104,40,2,1047.74
989,2023-02-20,29,6,1,543.66
990,2023-03-22,103,28,8,7401.52
991,2023-05-10,57,27,3,1308.6
992,2023-05-16,77,19,1,207.5
993,2023-07-16,10,7,8,3734.56
994,2023-06-27,199,3,5,1503.45
995,2023-06-26,15,19,5,1037.5
996,2023-11-13,110,31,9,2529.81
997,2024-01-01,18,37,7,3989.09
998,2023-11-25,167,40,9,4714.83
999,2023-10-24,4,8,4,487.76
1000,2023-05-20,184,46,7,3454.92
